[
    {
        "model": "auth.user",
        "pk": 1,
        "fields": {
            "password": "pbkdf2_sha256$720000$Bwxwp461Zy12cSupq5pRRb$Gb7Dbe9usKDa5/oUgSO2ab0hi7F9lCan60QtxeGackc=",
            "last_login": "2024-03-19T04:06:36.162Z",
            "is_superuser": true,
            "username": "admin",
            "first_name": "",
            "last_name": "",
            "email": "admin@admin.ru",
            "is_staff": true,
            "is_active": true,
            "date_joined": "2024-03-19T04:05:06.670Z",
            "groups": [],
            "user_permissions": []
        }
    },
    {
        "model": "library.department",
        "pk": 1,
        "fields": {
            "name": "Отдел литературы"
        }
    },
    {
        "model": "library.department",
        "pk": 2,
        "fields": {
            "name": "Отдел фантастики"
        }
    },
    {
        "model": "library.department",
        "pk": 3,
        "fields": {
            "name": "Отдел истории"
        }
    },
    {
        "model": "library.department",
        "pk": 4,
        "fields": {
            "name": "Отдел науки"
        }
    },
    {
        "model": "library.department",
        "pk": 5,
        "fields": {
            "name": "Отдел искусств"
        }
    },
    {
        "model": "library.department",
        "pk": 6,
        "fields": {
            "name": "Отдел кулинарии"
        }
    },
    {
        "model": "library.department",
        "pk": 7,
        "fields": {
            "name": "Отдел путешествий"
        }
    },
    {
        "model": "library.department",
        "pk": 8,
        "fields": {
            "name": "Отдел спорта"
        }
    },
    {
        "model": "library.department",
        "pk": 9,
        "fields": {
            "name": "Отдел здоровья"
        }
    },
    {
        "model": "library.department",
        "pk": 10,
        "fields": {
            "name": "Отдел технологий"
        }
    },
    {
        "model": "library.department",
        "pk": 11,
        "fields": {
            "name": "Отдел ремесел"
        }
    },
    {
        "model": "library.department",
        "pk": 12,
        "fields": {
            "name": "Отдел экологии"
        }
    },
    {
        "model": "library.department",
        "pk": 13,
        "fields": {
            "name": "Отдел мифологии"
        }
    },
    {
        "model": "library.department",
        "pk": 14,
        "fields": {
            "name": "Отдел космоса"
        }
    },
    {
        "model": "library.department",
        "pk": 15,
        "fields": {
            "name": "Отдел музыки"
        }
    },
    {
        "model": "library.department",
        "pk": 16,
        "fields": {
            "name": "Отдел экономики"
        }
    },
    {
        "model": "library.department",
        "pk": 17,
        "fields": {
            "name": "Отдел животных"
        }
    },
    {
        "model": "library.department",
        "pk": 18,
        "fields": {
            "name": "Отдел растений"
        }
    },
    {
        "model": "library.department",
        "pk": 19,
        "fields": {
            "name": "Отдел медицины"
        }
    },
    {
        "model": "library.department",
        "pk": 20,
        "fields": {
            "name": "Отдел психологии"
        }
    },
    {
        "model": "library.author",
        "pk": 1,
        "fields": {
            "name": "Иванов Иван Иванович",
            "birthday": "1975-03-15"
        }
    },
    {
        "model": "library.author",
        "pk": 2,
        "fields": {
            "name": "Петров Петр Петрович",
            "birthday": "1980-07-20"
        }
    },
    {
        "model": "library.author",
        "pk": 3,
        "fields": {
            "name": "Сидоров Сидор Сидорович",
            "birthday": "1990-11-10"
        }
    },
    {
        "model": "library.author",
        "pk": 4,
        "fields": {
            "name": "Смирнова Анна Васильевна",
            "birthday": "1985-05-05"
        }
    },
    {
        "model": "library.author",
        "pk": 5,
        "fields": {
            "name": "Козлова Елена Ивановна",
            "birthday": "1970-12-25"
        }
    },
    {
        "model": "library.author",
        "pk": 6,
        "fields": {
            "name": "Николаев Николай Николаевич",
            "birthday": "1988-08-08"
        }
    },
    {
        "model": "library.author",
        "pk": 7,
        "fields": {
            "name": "Кузнецов Константин Сергеевич",
            "birthday": "1995-01-30"
        }
    },
    {
        "model": "library.author",
        "pk": 8,
        "fields": {
            "name": "Павлова Александра Алексеевна",
            "birthday": "1978-09-12"
        }
    },
    {
        "model": "library.author",
        "pk": 9,
        "fields": {
            "name": "Громов Григорий Владимирович",
            "birthday": "1983-04-18"
        }
    },
    {
        "model": "library.author",
        "pk": 10,
        "fields": {
            "name": "Белякова Мария Васильевна",
            "birthday": "1992-06-22"
        }
    },
    {
        "model": "library.author",
        "pk": 11,
        "fields": {
            "name": "Соколов Сергей Павлович",
            "birthday": "1972-10-17"
        }
    },
    {
        "model": "library.author",
        "pk": 12,
        "fields": {
            "name": "Тимофеева Евгения Игоревна",
            "birthday": "1986-02-14"
        }
    },
    {
        "model": "library.author",
        "pk": 13,
        "fields": {
            "name": "Васильев Валентин Владимирович",
            "birthday": "1991-11-29"
        }
    },
    {
        "model": "library.author",
        "pk": 14,
        "fields": {
            "name": "Полякова Ольга Дмитриевна",
            "birthday": "1976-07-03"
        }
    },
    {
        "model": "library.author",
        "pk": 15,
        "fields": {
            "name": "Жуков Даниил Андреевич",
            "birthday": "1994-04-09"
        }
    },
    {
        "model": "library.author",
        "pk": 16,
        "fields": {
            "name": "Макарова Анна Александровна",
            "birthday": "1981-08-21"
        }
    },
    {
        "model": "library.author",
        "pk": 17,
        "fields": {
            "name": "Краснов Кирилл Михайлович",
            "birthday": "1989-12-12"
        }
    },
    {
        "model": "library.author",
        "pk": 18,
        "fields": {
            "name": "Дмитриева Вера Семеновна",
            "birthday": "1979-03-27"
        }
    },
    {
        "model": "library.author",
        "pk": 19,
        "fields": {
            "name": "Гаврилов Артем Викторович",
            "birthday": "1984-05-14"
        }
    },
    {
        "model": "library.author",
        "pk": 20,
        "fields": {
            "name": "Комаров Владислав Егорович",
            "birthday": "1993-09-06"
        }
    },
    {
        "model": "library.book",
        "pk": 1,
        "fields": {
            "title": "Магия путешествий",
            "author": 1,
            "year": "2019",
            "department": 1,
            "quantity": 10
        }
    },
    {
        "model": "library.book",
        "pk": 2,
        "fields": {
            "title": "Тайны времени",
            "author": 2,
            "year": "2017",
            "department": 2,
            "quantity": 5
        }
    },
    {
        "model": "library.book",
        "pk": 3,
        "fields": {
            "title": "Энциклопедия знаний",
            "author": 3,
            "year": "2018",
            "department": 3,
            "quantity": 8
        }
    },
    {
        "model": "library.book",
        "pk": 4,
        "fields": {
            "title": "Искусство готовить",
            "author": 4,
            "year": "2016",
            "department": 4,
            "quantity": 12
        }
    },
    {
        "model": "library.book",
        "pk": 5,
        "fields": {
            "title": "Музыкальное наследие",
            "author": 5,
            "year": "2020",
            "department": 5,
            "quantity": 15
        }
    },
    {
        "model": "library.book",
        "pk": 6,
        "fields": {
            "title": "Секреты здоровья",
            "author": 6,
            "year": "2015-08-08",
            "department": 6,
            "quantity": 20
        }
    },
    {
        "model": "library.book",
        "pk": 7,
        "fields": {
            "title": "Подорожник по миру",
            "author": 7,
            "year": "2014",
            "department": 7,
            "quantity": 7
        }
    },
    {
        "model": "library.book",
        "pk": 8,
        "fields": {
            "title": "Спортивная энциклопедия",
            "author": 8,
            "year": "2018",
            "department": 8,
            "quantity": 10
        }
    },
    {
        "model": "library.book",
        "pk": 9,
        "fields": {
            "title": "Секреты успеха",
            "author": 9,
            "year": "2017",
            "department": 9,
            "quantity": 9
        }
    },
    {
        "model": "library.book",
        "pk": 10,
        "fields": {
            "title": "Искусство ремесел",
            "author": 10,
            "year": "2019",
            "department": 10,
            "quantity": 18
        }
    },
    {
        "model": "library.book",
        "pk": 11,
        "fields": {
            "title": "Экологическое равновесие",
            "author": 11,
            "year": "2016",
            "department": 11,
            "quantity": 11
        }
    },
    {
        "model": "library.book",
        "pk": 12,
        "fields": {
            "title": "Мифы и легенды",
            "author": 12,
            "year": "2020",
            "department": 12,
            "quantity": 13
        }
    },
    {
        "model": "library.book",
        "pk": 13,
        "fields": {
            "title": "Освоение космоса",
            "author": 13,
            "year": "2015",
            "department": 13,
            "quantity": 6
        }
    },
    {
        "model": "library.book",
        "pk": 14,
        "fields": {
            "title": "Музыкальные шедевры",
            "author": 14,
            "year": "2016",
            "department": 14,
            "quantity": 17
        }
    },
    {
        "model": "library.book",
        "pk": 15,
        "fields": {
            "title": "Жизнь на других планетах",
            "author": 15,
            "year": "2018",
            "department": 15,
            "quantity": 14
        }
    },
    {
        "model": "library.book",
        "pk": 16,
        "fields": {
            "title": "Финансовый успех",
            "author": 16,
            "year": "2017",
            "department": 16,
            "quantity": 20
        }
    },
    {
        "model": "library.book",
        "pk": 17,
        "fields": {
            "title": "Тайные жизни животных",
            "author": 17,
            "year": "2019",
            "department": 17,
            "quantity": 8
        }
    },
    {
        "model": "library.book",
        "pk": 18,
        "fields": {
            "title": "Секреты растений",
            "author": 18,
            "year": "2018",
            "department": 18,
            "quantity": 11
        }
    },
    {
        "model": "library.book",
        "pk": 19,
        "fields": {
            "title": "Лечебные растения",
            "author": 19,
            "year": "2017-05-14",
            "department": 19,
            "quantity": 19
        }
    },
    {
        "model": "library.book",
        "pk": 20,
        "fields": {
            "title": "Психология человека",
            "author": 20,
            "year": "2016-09-06",
            "department": 20,
            "quantity": 16
        }
    },
    {
        "model": "library.visitor",
        "pk": 1,
        "fields": {
            "name": "Иванов Иван Иванович",
            "borrowed_books": [
                1,
                3,
                5
            ]
        }
    },
    {
        "model": "library.visitor",
        "pk": 2,
        "fields": {
            "name": "Петров Петр Петрович",
            "borrowed_books": [
                2,
                4,
                6
            ]
        }
    },
    {
        "model": "library.visitor",
        "pk": 3,
        "fields": {
            "name": "Сидоров Сидор Сидорович",
            "borrowed_books": [
                7,
                9,
                11
            ]
        }
    },
    {
        "model": "library.visitor",
        "pk": 4,
        "fields": {
            "name": "Смирнова Анна Васильевна",
            "borrowed_books": [
                8,
                10,
                12
            ]
        }
    },
    {
        "model": "library.visitor",
        "pk": 5,
        "fields": {
            "name": "Козлова Елена Ивановна",
            "borrowed_books": [
                13,
                15,
                17
            ]
        }
    },
    {
        "model": "library.visitor",
        "pk": 6,
        "fields": {
            "name": "Николаев Николай Николаевич",
            "borrowed_books": [
                14,
                16,
                18
            ]
        }
    },
    {
        "model": "library.visitor",
        "pk": 7,
        "fields": {
            "name": "Кузнецов Константин Сергеевич",
            "borrowed_books": [
                19,
                1,
                2
            ]
        }
    },
    {
        "model": "library.visitor",
        "pk": 8,
        "fields": {
            "name": "Павлова Александра Алексеевна",
            "borrowed_books": [
                3,
                4,
                5
            ]
        }
    },
    {
        "model": "library.visitor",
        "pk": 9,
        "fields": {
            "name": "Громов Григорий Владимирович",
            "borrowed_books": [
                6
            ]
        }
    },
    {
        "model": "library.visitor",
        "pk": 10,
        "fields": {
            "name": "Белякова Мария Васильевна",
            "borrowed_books": [
                9,
                10,
                11,
                7,
                8
            ]
        }
    },
    {
        "model": "library.visitor",
        "pk": 11,
        "fields": {
            "name": "Соколов Сергей Павлович",
            "borrowed_books": [
                12,
                14
            ]
        }
    },
    {
        "model": "library.visitor",
        "pk": 12,
        "fields": {
            "name": "Тимофеева Евгения Игоревна",
            "borrowed_books": [
                15,
                16,
                17
            ]
        }
    },
    {
        "model": "library.visitor",
        "pk": 13,
        "fields": {
            "name": "Васильев Валентин Владимирович",
            "borrowed_books": [
                18,
                19,
                20
            ]
        }
    },
    {
        "model": "library.visitor",
        "pk": 14,
        "fields": {
            "name": "Полякова Ольга Дмитриевна",
            "borrowed_books": [
                1,
                2,
                3
            ]
        }
    },
    {
        "model": "library.visitor",
        "pk": 15,
        "fields": {
            "name": "Жуков Даниил Андреевич",
            "borrowed_books": [
                4,
                5,
                6
            ]
        }
    },
    {
        "model": "library.visitor",
        "pk": 16,
        "fields": {
            "name": "Макарова Анна Александровна",
            "borrowed_books": [
                7,
                8,
                9
            ]
        }
    },
    {
        "model": "library.visitor",
        "pk": 17,
        "fields": {
            "name": "Краснов Кирилл Михайлович",
            "borrowed_books": [
                10,
                11,
                12
            ]
        }
    },
    {
        "model": "library.visitor",
        "pk": 18,
        "fields": {
            "name": "Дмитриева Вера Семеновна",
            "borrowed_books": [
                13,
                14,
                15
            ]
        }
    },
    {
        "model": "library.visitor",
        "pk": 19,
        "fields": {
            "name": "Гаврилов Артем Викторович",
            "borrowed_books": [
                16,
                17,
                18
            ]
        }
    },
    {
        "model": "library.visitor",
        "pk": 20,
        "fields": {
            "name": "Комаров Владислав Егорович",
            "borrowed_books": [
                19,
                20,
                1
            ]
        }
    }
]